<?xml version="1.0"?>
<ResultSet xmlns:xsi="http://www.w3.org/2001/XMLSchema-instance" xmlns="urn:yahoo:lcl" xsi:schemaLocation="urn:yahoo:lcl http://local.yahooapis.com/LocalSearchService/V2/LocalSearchResponse.xsd" totalResultsAvailable="657" totalResultsReturned="10" firstResultPosition="1"><ResultSetMapUrl>http://maps.yahoo.com/broadband/?q1=Sunnyvale%2C+CA+94089&amp;tt=chinese&amp;tp=1</ResultSetMapUrl><Result><Title>Pan Tao Restaurant</Title><Address>1686 S Wolfe Rd</Address><City>Sunnyvale</City><State>CA</State><Phone>(408) 737-9976</Phone><Latitude>37.338519</Latitude><Longitude>-122.01417</Longitude><Rating><AverageRating>4.5</AverageRating><TotalRatings>12</TotalRatings><TotalReviews>12</TotalReviews><LastReviewDate>1252083159</LastReviewDate></Rating><Distance>4.44</Distance><Url>http://local.yahoo.com/info-21335064-pan-tao-restaurant-sunnyvale</Url><ClickUrl>http://local.yahoo.com/info-21335064-pan-tao-restaurant-sunnyvale</ClickUrl><MapUrl>http://maps.yahoo.com/maps_result?q1=1686+S+Wolfe+Rd+Sunnyvale+CA&amp;gid1=21335064</MapUrl></Result><Result><Title>Chef Yu</Title><Address>163 S Murphy Ave</Address><City>Sunnyvale</City><State>CA</State><Phone>(408) 739-8866</Phone><Latitude>37.376694</Latitude><Longitude>-122.030369</Longitude><Rating><AverageRating>5</AverageRating><TotalRatings>1</TotalRatings><TotalReviews>1</TotalReviews><LastReviewDate>1293593007</LastReviewDate></Rating><Distance>2.17</Distance><Url>http://local.yahoo.com/info-57397193-chef-yu-sunnyvale</Url><ClickUrl>http://local.yahoo.com/info-57397193-chef-yu-sunnyvale</ClickUrl><MapUrl>http://maps.yahoo.com/maps_result?q1=163+S+Murphy+Ave+Sunnyvale+CA&amp;gid1=57397193</MapUrl></Result><Result><Title>New Chef Lee-Chinese-Take-Out/Pick-Up/Delivery</Title><Address>1115 Tasman Dr</Address><City>Sunnyvale</City><State>CA</State><Phone>(408) 734-3878</Phone><Latitude>37.403689</Latitude><Longitude>-121.994978</Longitude><Rating><AverageRating>3.5</AverageRating><TotalRatings>9</TotalRatings><TotalReviews>9</TotalReviews><LastReviewDate>1273797742</LastReviewDate></Rating><Distance>0.72</Distance><Url>http://local.yahoo.com/info-21328267-new-chef-leechinesetakeoutpickupdelivery-sunnyvale</Url><ClickUrl>http://local.yahoo.com/info-21328267-new-chef-leechinesetakeoutpickupdelivery-sunnyvale</ClickUrl><MapUrl>http://maps.yahoo.com/maps_result?q1=1115+Tasman+Dr+Sunnyvale+CA&amp;gid1=21328267</MapUrl><BusinessUrl>http://www.foodyoyo.com/restaurants/New_Chef_Lee.html</BusinessUrl><BusinessClickUrl>http://www.foodyoyo.com/restaurants/New_Chef_Lee.html</BusinessClickUrl></Result><Result><Title>Mr Chaus Chinese Fast Food</Title><Address>1211 S Mary Ave</Address><City>Sunnyvale</City><State>CA</State><Phone>(408) 830-9588</Phone><Latitude>37.352676</Latitude><Longitude>-122.050585</Longitude><Rating><AverageRating>3.5</AverageRating><TotalRatings>2</TotalRatings><TotalReviews>2</TotalReviews><LastReviewDate>1213659328</LastReviewDate></Rating><Distance>4.17</Distance><Url>http://local.yahoo.com/info-21328168-mr-chaus-chinese-fast-food-sunnyvale</Url><ClickUrl>http://local.yahoo.com/info-21328168-mr-chaus-chinese-fast-food-sunnyvale</ClickUrl><MapUrl>http://maps.yahoo.com/maps_result?q1=1211+S+Mary+Ave+Sunnyvale+CA&amp;gid1=21328168</MapUrl></Result><Result><Title>King Wah Chinese Restaurant</Title><Address>219 E Washington Ave</Address><City>Sunnyvale</City><State>CA</State><Phone>(408) 245-2647</Phone><Latitude>37.375784</Latitude><Longitude>-122.028679</Longitude><Rating><AverageRating>3.5</AverageRating><TotalRatings>14</TotalRatings><TotalReviews>14</TotalReviews><LastReviewDate>1277049961</LastReviewDate></Rating><Distance>2.17</Distance><Url>http://local.yahoo.com/info-21337855-king-wah-chinese-restaurant-sunnyvale</Url><ClickUrl>http://local.yahoo.com/info-21337855-king-wah-chinese-restaurant-sunnyvale</ClickUrl><MapUrl>http://maps.yahoo.com/maps_result?q1=219+E+Washington+Ave+Sunnyvale+CA&amp;gid1=21337855</MapUrl></Result><Result><Title>Wok's on Express - Tien Fu</Title><Address>156 W El Camino Real</Address><City>Sunnyvale</City><State>CA</State><Phone>(650) 968-6699</Phone><Latitude>37.368158</Latitude><Longitude>-122.033623</Longitude><Rating><AverageRating>3.5</AverageRating><TotalRatings>3</TotalRatings><TotalReviews>3</TotalReviews><LastReviewDate>1253847752</LastReviewDate></Rating><Distance>2.76</Distance><Url>http://local.yahoo.com/info-21313473-wok-s-on-express-tien-fu-sunnyvale</Url><ClickUrl>http://local.yahoo.com/info-21313473-wok-s-on-express-tien-fu-sunnyvale</ClickUrl><MapUrl>http://maps.yahoo.com/maps_result?q1=156+W+El+Camino+Real+Sunnyvale+CA&amp;gid1=21313473</MapUrl><BusinessUrl>http://woksonexpress.net/</BusinessUrl><BusinessClickUrl>http://woksonexpress.net/</BusinessClickUrl></Result><Result><Title>First Wok</Title><Address>653 S Bernardo Ave</Address><City>Sunnyvale</City><State>CA</State><Phone>(408) 481-9888</Phone><Latitude>37.372997</Latitude><Longitude>-122.056755</Longitude><Rating><AverageRating>4.5</AverageRating><TotalRatings>3</TotalRatings><TotalReviews>3</TotalReviews><LastReviewDate>1268200170</LastReviewDate></Rating><Distance>3.37</Distance><Url>http://local.yahoo.com/info-28452188-first-wok-sunnyvale</Url><ClickUrl>http://local.yahoo.com/info-28452188-first-wok-sunnyvale</ClickUrl><MapUrl>http://maps.yahoo.com/maps_result?q1=653+S+Bernardo+Ave+Sunnyvale+CA&amp;gid1=28452188</MapUrl><BusinessUrl>http://firstwoksunnyvale.com/</BusinessUrl><BusinessClickUrl>http://firstwoksunnyvale.com/</BusinessClickUrl></Result><Result><Title>Shanghai Flavor Shop</Title><Address>888 Old San Francisco Rd</Address><City>Sunnyvale</City><State>CA</State><Phone>(408) 738-3003</Phone><Latitude>37.366431</Latitude><Longitude>-122.015623</Longitude><Rating><AverageRating>4</AverageRating><TotalRatings>10</TotalRatings><TotalReviews>10</TotalReviews><LastReviewDate>1271990339</LastReviewDate></Rating><Distance>2.53</Distance><Url>http://local.yahoo.com/info-21328153-shanghai-flavor-shop-sunnyvale</Url><ClickUrl>http://local.yahoo.com/info-21328153-shanghai-flavor-shop-sunnyvale</ClickUrl><MapUrl>http://maps.yahoo.com/maps_result?q1=888+Old+San+Francisco+Rd+Sunnyvale+CA&amp;gid1=21328153</MapUrl></Result><Result><Title>Szechuan Garden Express</Title><Address>1677 Hollenbeck Ave</Address><City>Sunnyvale</City><State>CA</State><Phone>(408) 720-0072</Phone><Latitude>37.338219</Latitude><Longitude>-122.041594</Longitude><Rating><AverageRating>NaN</AverageRating><TotalRatings>0</TotalRatings><TotalReviews>0</TotalReviews></Rating><Distance>4.82</Distance><Url>http://local.yahoo.com/info-62300828-szechuan-garden-express-sunnyvale</Url><ClickUrl>http://local.yahoo.com/info-62300828-szechuan-garden-express-sunnyvale</ClickUrl><MapUrl>http://maps.yahoo.com/maps_result?q1=1677+Hollenbeck+Ave+Sunnyvale+CA&amp;gid1=62300828</MapUrl><BusinessUrl>http://www.szechuan-garden.com/</BusinessUrl><BusinessClickUrl>http://www.szechuan-garden.com/</BusinessClickUrl></Result><Result><Title>Hong Kong Saigon Seafood</Title><Address>1135 N Lawrence Expy</Address><City>Sunnyvale</City><State>CA</State><Phone>(408) 734-2828</Phone><Latitude>37.397255</Latitude><Longitude>-121.996021</Longitude><Rating><AverageRating>2.5</AverageRating><TotalRatings>4</TotalRatings><TotalReviews>4</TotalReviews><LastReviewDate>1283041360</LastReviewDate></Rating><Distance>0.75</Distance><Url>http://local.yahoo.com/info-27000887-hong-kong-saigon-seafood-sunnyvale</Url><ClickUrl>http://local.yahoo.com/info-27000887-hong-kong-saigon-seafood-sunnyvale</ClickUrl><MapUrl>http://maps.yahoo.com/maps_result?q1=1135+N+Lawrence+Expy+Sunnyvale+CA&amp;gid1=27000887</MapUrl></Result></ResultSet>
